SQL> SELECT DISTINCT SAL
  2  FROM EMP E1
  3  WHERE (SELECT COUNT (DSITINCT E2.SAL)
  4        FROM EMPE2
  5        WHERE E1.SAL<E2.SAL) IN (2,4);
WHERE (SELECT COUNT (DSITINCT E2.SAL)
                              *
ERROR at line 3:
ORA-00936: missing expression


SQL> ED
Wrote file afiedt.buf

  1  SELECT DISTINCT SAL
  2  FROM EMP E1
  3  WHERE (SELECT COUNT (DISTINCT E2.SAL)
  4        FROM EMPE2
  5*       WHERE E1.SAL<E2.SAL) IN (2,4)
SQL> /
      FROM EMPE2
           *
ERROR at line 4:
ORA-00942: table or view does not exist


SQL> ED
Wrote file afiedt.buf

  1  SELECT DISTINCT SAL
  2  FROM EMP E1
  3  WHERE (SELECT COUNT (DISTINCT E2.SAL)
  4        FROM EMP E2
  5*       WHERE E1.SAL<E2.SAL) IN (2,4)
SQL> /

       SAL
----------
      2450
      2975

SQL> ED
Wrote file afiedt.buf

  1  SELECT DISTINCT SAL
  2  FROM EMP E1
  3  WHERE (SELECT COUNT (DISTINCT E2.SAL)
  4        FROM EMP E2
  5*       WHERE E1.SAL<E2.SAL) IN (2,4,6,8)
SQL> /

       SAL
----------
      2450
      1250
      2975
      1500

SQL> ED
Wrote file afiedt.buf

  1  SELECT DISTINCT SAL
  2  FROM EMP E1
  3  WHERE (SELECT COUNT (DISTINCT E2.SAL)
  4        FROM EMP E2
  5*       WHERE E1.SAL<E2.SAL) IN 2
SQL> /

       SAL
----------
      2975

SQL> ED
Wrote file afiedt.buf

  1  SELECT DISTINCT SAL
  2  FROM EMP E1
  3  WHERE (SELECT COUNT (DISTINCT E2.SAL)
  4        FROM EMP E2
  5*       WHERE E1.SAL<E2.SAL) IN 1
SQL> /

       SAL
----------
      3000

SQL> ED
Wrote file afiedt.buf

  1  SELECT DISTINCT SAL,ENAME
  2  FROM EMP E1
  3  WHERE (SELECT COUNT (DISTINCT E2.SAL)
  4        FROM EMP E2
  5*       WHERE E1.SAL<E2.SAL) IN 1
SQL> /

       SAL ENAME
---------- ----------
      3000 SCOTT
      3000 FORD

SQL> ED
Wrote file afiedt.buf

  1  SELECT DISTINCT SAL
  2  FROM EMP E1
  3  WHERE (SELECT COUNT (DISTINCT E2.SAL)
  4        FROM EMP E2
  5*       WHERE E1.SAL<E2.SAL) = 4
SQL> /

       SAL
----------
      2450

SQL> ED
Wrote file afiedt.buf

  1  SELECT DISTINCT SAL
  2  FROM EMP E1
  3  WHERE (SELECT COUNT (DISTINCT E2.SAL)
  4        FROM EMP E2
  5        WHERE E1.SAL<E2.SAL) IN (1,3,5,7)
  6*       ORDER BY SAL DESC
SQL> /

       SAL
----------
      3000
      2850
      1600
      1300

SQL> 00033333333333333333333333333333333333333333333333333333333333333333333333333333333333
3333333
SP2-0734: unknown command beginning "0003333333..." - rest of line ignored.
SQL> 
SQL> 
SQL> 
SQL> 
SQL> 
SQL> 
SQL> 
SQL> ED
Wrote file afiedt.buf

  1  SELECT DNAME FROM DEPT
  2  WHERE DEPTNO IN (SELECT DEPTNO FROM EMP
  3*            WHERE JOB IS NULL)
SQL> /

no rows selected

SQL> ED
Wrote file afiedt.buf

  1  SELECT DNAME FROM DEPT
  2  WHERE DEPTNO IN (SELECT DEPTNO FROM EMP
  3*            WHERE JOB IS NOT  NULL)
SQL> /

DNAME
--------------
ACCOUNTING
RESEARCH
SALES

SQL> ED
Wrote file afiedt.buf

  1  SELECT DNAME FROM DEPT
  2  WHERE DEPTNO IN (SELECT DEPTNO FROM EMP
  3*            WHERE DEPTNO =40)
SQL> /

no rows selected

SQL> ED
Wrote file afiedt.buf

  1  SELECT DNAME FROM DEPT
  2  WHERE DEPTNO IN (SELECT DEPTNO FROM EMP
  3             WHERE JOB IS NULL)
  4* AND DEPTNO=40
SQL> /

no rows selected

SQL> ED
Wrote file afiedt.buf

  1  SELECT DNAME FROM DEPT
  2  WHERE DEPTNO NOT IN (SELECT DEPTNO FROM EMP
  3             WHERE EMP.DEPTNO=DEPT.DEPTNO)
  4* AND
SQL> /
AND
   *
ERROR at line 4:
ORA-00936: missing expression


SQL> ED
Wrote file afiedt.buf

  1  SELECT DNAME FROM DEPT
  2  WHERE DEPTNO NOT IN (SELECT DEPTNO FROM EMP
  3*            WHERE EMP.DEPTNO=DEPT.DEPTNO)
SQL> /

DNAME
--------------
OPERATIONS

SQL> ED
Wrote file afiedt.buf

  1  SELECT DNAME FROM DEPT
  2  WHERE DEPTNO EXISTS (SELECT DEPTNO FROM EMP
  3*            WHERE EMP.DEPTNO=DEPT.DEPTNO)
SQL> /
WHERE DEPTNO EXISTS (SELECT DEPTNO FROM EMP
             *
ERROR at line 2:
ORA-00920: invalid relational operator


SQL> ED
Wrote file afiedt.buf

  1  SELECT DNAME FROM DEPT
  2  WHERE DEPTNO EXISTS (SELECT DEPTNO FROM EMP
  3*            WHERE EMP.DEPTNO=DEPT.DEPTNO)
SQL> //
WHERE DEPTNO EXISTS (SELECT DEPTNO FROM EMP
             *
ERROR at line 2:
ORA-00920: invalid relational operator


SQL>  N HZZZZZZZZZZZZZZZZZZZZZZZZZZZZZZZZZZZZZZZZZZZZZZZZZZZZZZZZZZZZZZZZZZZZZZZZZZZZZZZZZZ
ZZZZZZZZZZZZZZZZZZZZZZZZZZZZZZZZZZZZZZZZZZZZZZZZZZZZZZZZZZZZZZZZZZZZZZZZZZZZZZZZZZZZZZZZZZZ
ZZZZZZZZZZZZZZZZZZZZZZZZZZZZZZZZZZZZZZZZZZZZZZZZZZZZZZZZZZZZZZZZZZZZZZZZZZZZZZZZZZZZZZZZZZZ
ZZZZZZZZZZZZZZZZZZZZZZZZZZZZZZZZZZZZZZZZZZZZZZZZZZZZZZZZZZZZZZZZZZZZZZZZZZZZZZZZZZZZZZZZZZZ
ZZZZZZZZZZZZZZZZZZZZZZZZZZZZZZZZZZZZZZZZZZZZZZZZZZZZZZZZZZZZZZZZZZZZZZZZZZZZZZZZZZZZZZZZZZZ
ZZZZZZZZZZZZZZZZZZZZZZZZZZZZZZZZZZZZZZZZZZED
SP2-0734: unknown command beginning "N HZZZZZZZ..." - rest of line ignored.
SQL> ED
Wrote file afiedt.buf

  1  SELECT DNAME FROM DEPT
  2  WHERE DEPTNO EXISTS (SELECT DEPTNO FROM EMP
  3*            WHERE EMP.DEPTNO=DEPT.DEPTNO)
SQL> /
WHERE DEPTNO EXISTS (SELECT DEPTNO FROM EMP
             *
ERROR at line 2:
ORA-00920: invalid relational operator


SQL> ED
Wrote file afiedt.buf

  1  SELECT DNAME FROM DEPT
  2  WHERE DEPTNO EXIST (SELECT DEPTNO FROM EMP
  3*            WHERE EMP.DEPTNO=DEPT.DEPTNO)
SQL> /
WHERE DEPTNO EXIST (SELECT DEPTNO FROM EMP
             *
ERROR at line 2:
ORA-00920: invalid relational operator


SQL> ED
Wrote file afiedt.buf

  1  SELECT DNAME FROM DEPT
  2  WHERE DEPTNO EXISTS IN (SELECT DEPTNO FROM EMP
  3*              WHERE EMP.DEPTNO=DEPT.DEPTNO)
SQL> /
WHERE DEPTNO EXISTS IN (SELECT DEPTNO FROM EMP
             *
ERROR at line 2:
ORA-00920: invalid relational operator


SQL> ED
Wrote file afiedt.buf

  1  SELECT DNAME FROM DEPT
  2  WHERE EXISTS (SELECT DEPTNO FROM EMP
  3*              WHERE EMP.DEPTNO=DEPT.DEPTNO)
SQL> /

DNAME
--------------
ACCOUNTING
RESEARCH
SALES

SQL> LENGTH('VIVEK');
SP2-0734: unknown command beginning "LENGTH('VI..." - rest of line ignored.
SQL> ED
Wrote file afiedt.buf

  1  SELECT DNAME FROM DEPT
  2  WHERE EXISTS (SELECT DEPTNO FROM EMP
  3*              WHERE EMP.DEPTNO=DEPT.DEPTNO)
SQL> LENGTH('VIVEK');
SP2-0734: unknown command beginning "LENGTH('VI..." - rest of line ignored.
SQL> ED
Wrote file afiedt.buf

  1  SELECT DNAME FROM DEPT
  2  WHERE EXISTS (SELECT DEPTNO FROM EMP
  3*              WHERE EMP.DEPTNO=DEPT.DEPTNO)
SQL> ED
Wrote file afiedt.buf

  1* SELECT LENGTH('VIVEK')
SQL> /
SELECT LENGTH('VIVEK')
                     *
ERROR at line 1:
ORA-00923: FROM keyword not found where expected


SQL> ED
Wrote file afiedt.buf

  1* SELECT LENGTH('VIVEK')
SQL> ED
Wrote file afiedt.buf

  1* SELECT LENGTH('VIVEK') FROM EMP
SQL> /

LENGTH('VIVEK')
---------------
              5
              5
              5
              5
              5
              5
              5
              5
              5
              5
              5
              5
              5
              5

14 rows selected.

SQL> ED
Wrote file afiedt.buf

  1* SELECT LENGTH('VIVFEAGEK') FROM EMP
SQL> /

LENGTH('VIVFEAGEK')
-------------------
                  9
                  9
                  9
                  9
                  9
                  9
                  9
                  9
                  9
                  9
                  9
                  9
                  9
                  9

14 rows selected.

SQL> ED
Wrote file afiedt.buf

  1  SELECT LENGTH(ENAME) FROM EMP
  2* WHERE ENAME='SMITH'
SQL> /

LENGTH(ENAME)
-------------
            5

SQL> ED
Wrote file afiedt.buf

  1* SELECT LENGTH ('VIVEK MORE') FROM DUAL
SQL> /.

LENGTH('VIVEKMORE')
-------------------
                 10

SQL> 0000000000000                                                                         
                                                                                           
                                                                                           
ED
SQL> ED
Wrote file afiedt.buf

  1                                                                                             
  2* SELECT CONCAT('VIVEK','ASHOK',' MORE') FROM DUAL
SQL> /
                                                                                                
                                                                                           
ERROR at line 1:
ORA-00900: invalid SQL statement


SQL> ED
Wrote file afiedt.buf

  1                                                                                             
  2* SELECT CONCAT('VIVEK','ASHOK') FROM DUAL
SQL> /
                                                                                                
                                                                                           
ERROR at line 1:
ORA-00900: invalid SQL statement


SQL> ED
Wrote file afiedt.buf

  1                                                                                             
  2* SELECT CONCAT('VIVEK','MORE') FROM DUAL
SQL> /
                                                                                                
                                                                                           
ERROR at line 1:
ORA-00900: invalid SQL statement


SQL> ED
Wrote file afiedt.buf

  1* SELECT CONCAT('VIVEK','MORE') FROM DUAL
SQL> /

CONCAT('V
---------
VIVEKMORE

SQL> SELECT ENAME || SAL || JOB FROM EMP;

ENAME||SAL||JOB
-----------------------------------------------------------
SMITH800CLERK
ALLEN1600SALESMAN
WARD1250SALESMAN
JONES2975MANAGER
MARTIN1250SALESMAN
BLAKE2850MANAGER
CLARK2450MANAGER
SCOTT3000ANALYST
KING5000PRESIDENT
TURNER1500SALESMAN
ADAMS1100CLERK
JAMES950CLERK
FORD3000ANALYST
MILLER1300CLERK

14 rows selected.

SQL> H